year,st_case,month,day,day_week,hour,minute,latitude,longitude,fatals,persons,ve_total,peds,route,routename,tway_id,tway_id2,milept,city,cityname,rur_urb,rur_urbname,func_sys,func_sysname,harm_ev,harm_evname,man_coll,man_collname,reljct2,reljct2name,typ_int,lgt_cond,lgt_condname,weather,weathername,drunk_dr,on_361_tway,in_box
2014,480428,2,25,3,4,12,27.67896111,-97.30971389,1,1,1,0,7,,SR-358 PADRE ISLAND DR,,143,1550,,,,,,33,,0,,1,,1,3,,5,,1,False,True
2014,480657,3,16,1,1,48,27.64657778,-97.19423889,1,3,2,0,3,,SR-361,,247,1550,,,,,,12,,2,,1,,1,3,,5,,1,True,True
2014,482039,4,12,7,21,43,27.82219722,-97.07166667,1,3,1,1,3,,SR-361 ALISTER ST,,105,5420,,,,,,8,,0,,1,,1,2,,10,,0,True,True
2014,482104,9,12,6,22,0,27.65129444,-97.29308056,1,1,1,1,5,,WALDRON RD,CASTLE PARK DR,0,1550,,,,,,8,,0,,3,,3,2,,10,,0,False,True
2014,482394,10,12,1,14,39,27.82479444,-97.06986667,1,1,1,1,3,,SR-361 ALISTER ST,,104,5420,,,,,,8,,0,,1,,1,1,,10,,0,True,True
2014,483021,12,6,7,2,7,27.62320556,-97.22171944,1,2,1,1,8,,PR 22/PADRE ISLAND DR,,64,1550,,,,,,8,,0,,1,,1,3,,1,,0,False,True
2014,483226,11,21,6,18,46,27.67343056,-97.28265833,1,0,1,1,6,,CLARIDE ST,,0,1550,,,,,,8,,0,,1,,1,2,,1,,0,False,True
2015,480918,5,3,1,17,11,27.77764444,-97.10595833,1,1,1,0,3,State Highway,SR-361,,143,5420,,1,Rural,4,Minor Arterial,1,Rollover/Overturn,0,Not a Collision with Motor Vehicle In-Transport,1,Non-Junction,1,1,Daylight,1,Clear,1,True,True
2015,482289,10,2,6,2,42,27.83116944,-97.07116667,1,1,1,0,3,State Highway,SR-361,,69,5420,,1,Rural,4,Minor Arterial,31,"Other Post, Other Pole or Other Supports",0,Not a Collision with Motor Vehicle In-Transport,1,Non-Junction,1,3,Dark - Lighted,1,Clear,1,True,False
2015,483217,12,14,2,7,7,27.62365278,-97.22156389,1,6,3,0,8,Other,PR-22 PADRE ISLAND DR,VERDEMAR DR,63,1550,,2,Urban,3,Principal Arterial - Other,12,Motor Vehicle In-Transport,6,Angle,2,Intersection,2,1,Daylight,1,Clear,0,False,True
2016,480080,1,13,4,17,58,27.77894167,-97.10515,1,2,1,0,3,State Highway,SR-361,,141,5420,PORT ARANSAS,1,Rural,4,Minor Arterial,1,Rollover/Overturn,0,Not a Collision with Motor Vehicle In-Transport,1,Non-Junction,1,1,Daylight,1,Clear,1,True,True
2016,482076,8,3,4,21,40,27.66156111,-97.30533611,1,2,2,1,6,Local Street - Municipality,FLOUR BLUFF DR,,0,1550,CORPUS CHRISTI,2,Urban,5,Major Collector,8,Pedestrian,0,Not a Collision with Motor Vehicle In-Transport,1,Non-Junction,1,2,Dark - Not Lighted,1,Clear,0,False,True
2016,482881,10,26,4,8,34,27.67313333,-97.29266389,1,5,3,0,3,State Highway,SR-358 PADRE ISLAND DR,,153,1550,CORPUS CHRISTI,2,Urban,2,Principal Arterial - Other Freeways and Expressways,12,Motor Vehicle In-Transport,1,Front-to-Rear,1,Non-Junction,1,1,Daylight,1,Clear,0,False,True
2017,480672,3,24,6,22,34,27.82057778,-97.06723056,1,1,1,1,6,Local Street - Municipality,ELEVENTH ST,,0,5420,PORT ARANSAS,1,Rural,7,Local,8,Pedestrian,0,Not a Collision with Motor Vehicle In-Transport,1,Non-Junction,1,2,Dark - Not Lighted,1,Clear,1,False,True
2017,480972,2,6,2,19,13,27.67441667,-97.29719167,1,1,1,1,6,Local Street - Municipality,FLOUR BLUFF DR,,0,1550,CORPUS CHRISTI,2,Urban,4,Minor Arterial,8,Pedestrian,0,Not a Collision with Motor Vehicle In-Transport,1,Non-Junction,1,2,Dark - Not Lighted,10,Cloudy,0,False,True
2017,481428,6,15,5,0,16,27.65653611,-97.25828333,1,1,1,0,8,Other,PR-22 S PADRE ISLAND DR,,15,1550,CORPUS CHRISTI,2,Urban,2,Principal Arterial - Other Freeways and Expressways,25,Concrete Traffic Barrier,0,Not a Collision with Motor Vehicle In-Transport,1,Non-Junction,1,3,Dark - Lighted,1,Clear,0,False,True
2017,482480,10,4,4,8,27,27.88780278,-97.10847222,1,1,1,0,3,State Highway,SR-361,,22,240,ARANSAS PASS,1,Rural,4,Minor Arterial,24,Guardrail Face,0,Not a Collision with Motor Vehicle In-Transport,1,Non-Junction,1,1,Daylight,1,Clear,0,True,False
2018,480668,3,17,7,2,29,27.76059167,-97.11749444,1,2,1,1,3,State Highway,SR-361,,156,5420,PORT ARANSAS,1,Rural,4,Minor Arterial,8,Pedestrian,0,Not a Collision with Motor Vehicle In-Transport,1,Non-Junction,1,2,Dark - Not Lighted,5,"Fog, Smog, Smoke",0,True,True
2018,480739,3,22,5,5,15,27.67674722,-97.30545278,1,1,1,0,3,State Highway,SR-358/PADRE ISLAND DR RAMP,,145,1550,CORPUS CHRISTI,2,Urban,2,Principal Arterial - Other Freeways and Expressways,33,Curb,0,Not a Collision with Motor Vehicle In-Transport,5,Entrance/Exit Ramp Related,1,3,Dark - Lighted,1,Clear,0,False,True
2018,480918,4,13,6,23,4,27.66705833,-97.27958889,1,2,1,1,6,Local Street - Municipality,PARK RD 22,,14,1550,CORPUS CHRISTI,2,Urban,2,Principal Arterial - Other Freeways and Expressways,8,Pedestrian,0,Not a Collision with Motor Vehicle In-Transport,1,Non-Junction,1,2,Dark - Not Lighted,10,Cloudy,0,False,True
2018,481192,5,7,2,22,45,27.65907222,-97.30698333,1,1,1,1,6,Local Street - Municipality,FLOUR BLUFF DR,,0,1550,CORPUS CHRISTI,2,Urban,5,Major Collector,9,Pedalcyclist,0,Not a Collision with Motor Vehicle In-Transport,1,Non-Junction,1,3,Dark - Lighted,1,Clear,1,False,True
2018,482852,10,25,5,4,4,27.67448333,-97.29513333,1,1,1,1,3,State Highway,SR-358/PADRE ISLAND DRIVE,,151,1550,CORPUS CHRISTI,2,Urban,2,Principal Arterial - Other Freeways and Expressways,8,Pedestrian,0,Not a Collision with Motor Vehicle In-Transport,1,Non-Junction,1,2,Dark - Not Lighted,2,Rain,0,False,True
2018,483224,12,24,2,20,5,27.66623333,-97.28374722,1,1,1,1,6,Local Street - Municipality,WALDRON ROAD,,0,1550,CORPUS CHRISTI,2,Urban,4,Minor Arterial,8,Pedestrian,0,Not a Collision with Motor Vehicle In-Transport,1,Non-Junction,1,2,Dark - Not Lighted,1,Clear,0,False,True
2019,480201,1,25,6,2,48,27.71554444,-97.14784444,1,1,1,0,3,State Highway,SR-361,SEA WAY DRIVE,192,1550,CORPUS CHRISTI,1,Rural,4,Minor Arterial,3,Immersion or Partial Immersion,0,The First Harmful Event was Not a Collision with a Motor Vehicle in Transport,3,Intersection-Related,3,2,Dark - Not Lighted,1,Clear,0,True,True
2019,481489,6,25,3,20,33,27.62183056,-97.30582222,1,1,1,0,6,Local Street - Municipality,YORKTOWN BOULEVARD,,0,1550,CORPUS CHRISTI,2,Urban,4,Minor Arterial,1,Rollover/Overturn,0,The First Harmful Event was Not a Collision with a Motor Vehicle in Transport,1,Non-Junction,1,3,Dark - Lighted,10,Cloudy,0,False,True
2019,483286,12,5,5,18,40,27.66363611,-97.28537222,1,2,1,1,6,Local Street - Municipality,WALDRON ROAD,,0,1550,CORPUS CHRISTI,2,Urban,4,Minor Arterial,8,Pedestrian,0,The First Harmful Event was Not a Collision with a Motor Vehicle in Transport,1,Non-Junction,1,3,Dark - Lighted,1,Clear,0,False,True
2020,480183,3,6,6,12,18,27.67349167,-97.293255560,1,1,1,0,3,State Highway,SR-358,,153,1550,CORPUS CHRISTI,2,Urban,2,Principal Arterial - Other Freeways and Expressways,52,Guardrail End,0,The First Harmful Event was Not a Collision with a Motor Vehicle in Transport,19,Other location within Interchange Area,1,1,Daylight,1,Clear,0,False,True
2020,481304,6,12,6,2,13,27.67897778,-97.309694440,1,2,1,0,3,State Highway,SR-358/PADRE ISLAND DR,,143,1550,CORPUS CHRISTI,2,Urban,5,Major Collector,33,Curb,0,The First Harmful Event was Not a Collision with a Motor Vehicle in Transport,1,Non-Junction,1,3,Dark - Lighted,1,Clear,0,False,True
2020,482195,8,21,6,21,17,27.66527500,-97.284350000,1,1,1,1,6,Local Street - Municipality,WALDRON RD,,0,1550,CORPUS CHRISTI,2,Urban,4,Minor Arterial,8,Pedestrian,0,The First Harmful Event was Not a Collision with a Motor Vehicle in Transport,1,Non-Junction,1,3,Dark - Lighted,1,Clear,0,False,True
2020,482514,10,3,7,19,58,27.66575556,-97.284686110,1,1,1,1,6,Local Street - Municipality,COMPTON RD,,0,1550,CORPUS CHRISTI,2,Urban,5,Major Collector,8,Pedestrian,0,The First Harmful Event was Not a Collision with a Motor Vehicle in Transport,1,Non-Junction,1,3,Dark - Lighted,1,Clear,0,False,True
2020,482533,10,3,7,21,19,27.63225556,-97.233541670,1,2,1,0,8,Other,PR 22/ SOUTH PADRE ISLAND DR,RAMP,54,1550,CORPUS CHRISTI,2,Urban,3,Principal Arterial - Other,1,Rollover/Overturn,0,The First Harmful Event was Not a Collision with a Motor Vehicle in Transport,3,Intersection-Related,4,3,Dark - Lighted,1,Clear,1,False,True
2020,483498,12,28,2,16,40,27.62449722,-97.221725000,1,6,3,0,8,Other,PR 22 S PADRE ISLAND DR,,63,1550,CORPUS CHRISTI,2,Urban,3,Principal Arterial - Other,12,Motor Vehicle In-Transport,7,Sideswipe - Same Direction,1,Non-Junction,1,1,Daylight,1,Clear,1,False,True
2020,483500,12,21,2,23,24,27.66840833,-97.282063890,1,1,1,0,7,Local Street - Frontage Road,PR 22/SOUTH PADRE ISLAND DR,WALDRON RD,12,1550,CORPUS CHRISTI,2,Urban,5,Major Collector,33,Curb,0,The First Harmful Event was Not a Collision with a Motor Vehicle in Transport,3,Intersection-Related,2,2,Dark - Not Lighted,1,Clear,0,False,True
2021,481510,6,4,6,7,45,27.67369722,-97.279108330,1,1,1,1,3,State Highway,SR-358/NAS DR,,163,1550,CORPUS CHRISTI,2,Urban,3,Principal Arterial - Other,9,Pedalcyclist,0,The First Harmful Event was Not a Collision with a Motor Vehicle in Transport,1,Non-Junction,1,1,Daylight,1,Clear,,False,True
2021,482671,4,7,4,15,46,27.64121389,-97.286225000,1,1,1,0,6,Local Street - Municipality,LAGUNA SHORES RD,,0,1550,CORPUS CHRISTI,2,Urban,5,Major Collector,30,Utility Pole/Light Support,0,The First Harmful Event was Not a Collision with a Motor Vehicle in Transport,1,Non-Junction,1,1,Daylight,1,Clear,,False,True
2021,482781,9,16,5,22,58,27.66956111,-97.281694440,1,1,1,1,6,Local Street - Municipality,WALDRON RD,,0,1550,CORPUS CHRISTI,2,Urban,5,Major Collector,8,Pedestrian,0,The First Harmful Event was Not a Collision with a Motor Vehicle in Transport,1,Non-Junction,1,3,Dark - Lighted,1,Clear,,False,True
2021,483647,11,29,2,15,1,27.67310278,-97.279547220,1,3,2,0,3,State Highway,SR-358/NAS DR,WEBB ST,162,1550,CORPUS CHRISTI,2,Urban,3,Principal Arterial - Other,12,Motor Vehicle In-Transport,6,Angle,2,Intersection,7,1,Daylight,1,Clear,,False,True
2022,481797,6,16,5,7,34,27.76998889,-97.111161110,1,2,2,0,3,State Highway,SR-361,,149,5420,PORT ARANSAS,1,Rural,4,Minor Arterial,12,Motor Vehicle In-Transport,2,Front-to-Front,1,Non-Junction,1,1,Daylight,1,Clear,,True,True
2022,481886,6,29,4,23,24,27.87500000,-97.094269440,2,3,3,0,3,State Highway,SR-361/PORT ARANSAS CSWY,,34,240,ARANSAS PASS,1,Rural,4,Minor Arterial,12,Motor Vehicle In-Transport,2,Front-to-Front,1,Non-Junction,1,2,Dark - Not Lighted,1,Clear,,True,False
2022,482404,8,13,7,23,56,27.70432500,-97.155377780,2,3,2,0,3,State Highway,SR-361,,201,1550,CORPUS CHRISTI,1,Rural,4,Minor Arterial,12,Motor Vehicle In-Transport,8,Sideswipe - Opposite Direction,1,Non-Junction,1,2,Dark - Not Lighted,1,Clear,,True,True
2022,483007,10,9,1,22,31,27.66866389,-97.282525000,1,2,2,0,7,Local Street - Frontage Road,SR-358 S PADRE ISLAND DR,WALDRON RD,12,1550,CORPUS CHRISTI,2,Urban,5,Major Collector,12,Motor Vehicle In-Transport,2,Front-to-Front,3,Intersection-Related,2,3,Dark - Lighted,1,Clear,,False,True
2023,481869,7,3,2,20,30,27.71836667,-97.145875000,1,8,3,0,3,State Highway,SR-361,,189,1550,CORPUS CHRISTI,1,Rural,4,Minor Arterial,12,Motor Vehicle In-Transport,2,Front-to-Front,8,Driveway Access Related,1,3,Dark - Lighted,1,Clear,,True,True
2023,481885,6,30,6,20,56,27.74759722,-97.126247220,1,4,2,0,3,State Highway,SR-361,,166,1550,CORPUS CHRISTI,1,Rural,4,Minor Arterial,12,Motor Vehicle In-Transport,2,Front-to-Front,1,Non-Junction,1,2,Dark - Not Lighted,1,Clear,,True,True
2023,481929,7,14,6,2,20,27.67165278,-97.289766670,1,1,1,0,3,State Highway,SR-358,,155,1550,CORPUS CHRISTI,2,Urban,5,Major Collector,59,Traffic Sign Support,0,The First Harmful Event was Not a Collision with a Motor Vehicle in Transport,1,Non-Junction,1,3,Dark - Lighted,1,Clear,,False,True
2023,482316,8,7,2,2,14,27.65562778,-97.257241670,1,1,1,0,95,Other,PR 22/PADRE ISLAND DR,,31,1550,CORPUS CHRISTI,2,Urban,2,Other Freeways and Expressways,1,Rollover/Overturn,0,The First Harmful Event was Not a Collision with a Motor Vehicle in Transport,1,Non-Junction,1,3,Dark - Lighted,10,Cloudy,,False,True
2023,482934,10,10,3,19,38,27.66785278,-97.282750000,1,1,1,1,6,Municipal,MU-WALDRON RD,,0,1550,CORPUS CHRISTI,2,Urban,4,Minor Arterial,15,Non-Motorist on Personal Conveyance,0,The First Harmful Event was Not a Collision with a Motor Vehicle in Transport,8,Driveway Access Related,1,3,Dark - Lighted,2,Rain,,False,True
2023,483309,11,2,5,7,47,27.68217778,-97.170377780,1,2,2,0,3,State Highway,SR-361,,217,1550,CORPUS CHRISTI,1,Rural,4,Minor Arterial,12,Motor Vehicle In-Transport,6,Angle,8,Driveway Access Related,1,1,Daylight,1,Clear,,True,True
2024,481443,5,14,3,18,9,27.73018333,-97.138088890,2,6,3,0,3,State Highway,SR-361,,180,1550,CORPUS CHRISTI,2,Urban,4,Minor Arterial,12,Motor Vehicle In-Transport,7,Sideswipe - Same Direction,1,Non-Junction,1,1,Daylight,1,Clear,,True,True
2024,481576,6,9,1,2,27,27.67215278,-97.290702780,1,1,1,0,3,State Highway,SR-358/PADRE ISLAND DR FRONTAG,,155,1550,CORPUS CHRISTI,2,Urban,5,Major Collector,59,Traffic Sign Support,0,The First Harmful Event was Not a Collision with a Motor Vehicle in Transport,1,Non-Junction,1,3,Dark - Lighted,1,Clear,,False,True
2024,482234,8,9,6,20,21,27.66339722,-97.182919440,1,12,3,0,3,State Highway,SR-361,,234,1550,CORPUS CHRISTI,2,Urban,4,Minor Arterial,12,Motor Vehicle In-Transport,6,Angle,1,Non-Junction,1,5,Dusk,1,Clear,,True,True